date,titre,url,caracteres,auteur
2020-12-22,Batman Black & White — Series 3,https://medium.com/veve-collectibles/batman-black-white-series-3-e86f9fa5d016,1794,VeVe
2020-12-22,Adventure Time — Series 1,https://medium.com/veve-collectibles/adventure-time-series-1-250479f5eb90,2200,VeVe
2020-12-22,Batman Black & White — Series 1,https://medium.com/veve-collectibles/batman-black-white-series-1-3dd423480d9,2006,VeVe
2020-12-22,DC Bombshells — Big Barda,https://medium.com/veve-collectibles/dc-bbombshells-big-barda-3b32bb0fb41,765,VeVe
2020-12-25,Adventure Time — Series 2,https://medium.com/veve-collectibles/adventure-time-series-2-a1890074e52b,3505,VeVe
2020-12-25,Batman Black & White — Series 2,https://medium.com/veve-collectibles/batman-black-white-series-2-7eef9420ded0,1826,VeVe
2020-12-27,Welcome to the digital collectible revolution!,https://medium.com/veve-collectibles/welcome-to-the-digital-collectible-revolution-d976af2f35db,2473,VeVe
2021-01-03,VeVe: Bug Bounty,https://medium.com/veve-collectibles/veve-bug-bounty-59541c23d812,1535,VeVe
2021-01-06,Powerpuff Girls — Series 2,https://medium.com/veve-collectibles/powerpuff-girls-series-2-f61c8d4f30e5,3942,VeVe
2021-01-06,Powerpuff Girls — Series 1,https://medium.com/veve-collectibles/powerpuff-girls-series-1-2dd2ca0ccdfc,2178,VeVe
2021-01-07,DC Bombshells — Starfire,https://medium.com/veve-collectibles/dc-bombshells-starfire-cd90032f0c4c,776,VeVe
2021-01-11,tokidoki: Unicorno - Series 1,https://medium.com/veve-collectibles/tokidoki-unicorno-series-1-513b354960fb,2661,VeVe
2021-01-18,Collecting 2.0 — Digital Collectibles,https://medium.com/veve-collectibles/collecting-2-0-digital-collectibles-c83b7d9241b3,6035,VeVe
2021-01-27,Ghostbusters: Series 1,https://medium.com/veve-collectibles/ghostbusters-series-1-fdd53ad256c1,2986,VeVe
2021-02-03,VeVe: Q1 App Features,https://medium.com/veve-collectibles/new-features-coming-to-veve-in-q1-2bcfe3d41eb6,5736,VeVe
2021-02-10,"Harley Quinn: Red, Black & White — Series 1",https://medium.com/veve-collectibles/harley-quinn-red-black-white-390097b2ef10,3133,VeVe
2021-02-14,Digital Collectibles Coming to VeVe Q1-21!,https://medium.com/veve-collectibles/digital-collectibles-coming-to-veve-q1-21-3cf0517ea62e,5179,VeVe
2021-02-16,VeVe Welcomes: Toy Tokyo,https://medium.com/veve-collectibles/veve-welcomes-toy-tokyo-fc45bdd45ae9,2938,VeVe
2021-03-06,VeVe Updates: Market Maintenance,https://medium.com/veve-collectibles/veve-updates-market-maintenance-1dd148687edc,2924,VeVe
2021-03-10,DC Comics: Batman Black and White— Series 4,https://medium.com/veve-collectibles/dc-comics-batman-black-and-white-series-4-af7084a2926d,2761,VeVe Writer
2021-03-18,"VeVe Launching Carbon Neutral NFTs, Announces ~7M USD Grants to Environmental Nonprofits",https://medium.com/veve-collectibles/veve-launching-carbon-neutral-nfts-announces-7m-usd-grants-to-environmental-nonprofits-d212671f5f84,4599,VeVe Writer
2021-03-24,Ultraman Anime — Series 1,https://medium.com/veve-collectibles/ultraman-anime-series-1-203f71fa24ea,3304,VeVe Writer
2021-03-31,tokidoki: Mermicorno — Series 1,https://medium.com/veve-collectibles/tokidoki-mermicorno-series-1-99897303bab4,3039,VeVe Writer
2021-04-05,VeVe Account Security,https://medium.com/veve-collectibles/veve-account-security-ff5cf2e1c911,2725,VeVe
2021-04-07,The DeLorean Time Machine Digital Collectible NFT,https://medium.com/veve-collectibles/the-delorean-time-machine-nfts-847086272497,4992,VeVe Writer
2021-04-17,VeVe: 2FA Account Security,https://medium.com/veve-collectibles/veve-2fa-account-security-c80dace517c5,2933,VeVe
2021-04-21,The Rise of Ultraman- Series #1,https://medium.com/veve-collectibles/the-rise-of-ultraman-series-1-2744259511a,6857,ECOMI
2021-04-21,The Rise of Ultraman — Series 1,https://medium.com/veve-collectibles/the-rise-of-ultraman-series-1-1702b8b23bae,6856,VeVe
2021-05-05,Cryptozoic Cryptkins- Series 1,https://medium.com/veve-collectibles/cryptozoic-cryptkins-series-1-c9a7dd586fc3,10754,ECOMI
2021-05-05,Cryptozoic Cryptkins- Series 1,https://medium.com/veve-collectibles/cryptozoic-cryptkins-series-1-c06964571386,10690,VeVe
2021-05-12,Simone Legno- tokidoki- Dragon Girl,https://medium.com/veve-collectibles/simone-legno-tokidoki-dragon-girl-d2d94dd3a5e4,2195,VeVe
2021-05-15,"The Seasons, They Are a-Changin’",https://medium.com/veve-collectibles/the-seasons-they-are-a-changin-6d74e4379785,4785,VeVe
2021-05-19,Batman Black and White — Series 5,https://medium.com/veve-collectibles/batman-black-and-white-series-5-8dd7ddcf5b77,2190,ECOMI
2021-05-26,DC Cover Girls — Series 1,https://medium.com/veve-collectibles/dc-cover-girls-series-1-c37f14a378ad,3006,Rhys
2021-05-29,VeVe Welcomes Immutable X,https://medium.com/veve-collectibles/veve-welcomes-immutable-x-807097d57057,6750,VeVe.
2021-06-09,Ron English — Cereal Killers — Series 1,https://medium.com/veve-collectibles/ron-english-cereal-killers-series-1-7bb4f6d0c4a8,3989,VeVe
2021-06-15,VeVe Welcomes: Ron English,https://medium.com/veve-collectibles/veve-welcomes-ron-english-9dd25969b713,4511,VeVe.
2021-06-16,Superman — Series 1,https://medium.com/veve-collectibles/superman-series-1-761dd368ebd0,1461,.VeVe.
2021-06-19,VeVe Welcomes: Givenchy Beauty,https://medium.com/veve-collectibles/veve-welcomes-givenchy-beauty-96c6cc341b5,3748,VeVe.
2021-06-19,Givenchy Beauty — Pride,https://medium.com/veve-collectibles/givenchy-beauty-pride-5d645185b89b,3301,VeVe
2021-06-23,DC Bombshells — Series 2,https://medium.com/veve-collectibles/dc-bombshells-series-2-9758ef8f6fe1,1726,.VeVe.
2021-06-24,VeVe Welcomes Marvel,https://medium.com/veve-collectibles/veve-welcomes-marvel-adf44ca08938,2840,ECOMI
2021-06-30,Frank Kozik Labbits— Series 1,https://medium.com/veve-collectibles/frank-kozik-labbits-series-1-6fa417214787,4170,.VeVe.
2021-06-30,VeVe Welcomes: Frank Kozik,https://medium.com/veve-collectibles/veve-welcomes-frank-kozik-a1647f8c08bc,3887,VeVe.
2021-06-30,Back to the Future Part II Hoverboards — Series 1,https://medium.com/veve-collectibles/back-to-the-future-part-ii-hoverboards-series-1-428bc2378e6f,4484,.VeVe.
2021-07-08,VeVe Welcomes: MGA Entertainment,https://medium.com/veve-collectibles/veve-welcomes-mga-entertainment-9350259cdda4,2943,VeVe.
2021-07-09,VeVe Showroom v2- Sneak Peak!,https://medium.com/veve-collectibles/veve-showroom-v2-sneak-peak-84f2bab0fd6a,2875,VeVe.
2021-07-13,VeVe Drop Day Updates,https://medium.com/veve-collectibles/veve-drop-day-updates-c791cea3ed76,2880,VeVe.
2021-07-14,Ghostbusters: Ecto-1,https://medium.com/veve-collectibles/ghostbusters-ecto-1-eef9d503a2c7,3632,VeVe
2021-07-19,VeVe Presents: Comic-Con@Home MetaVerse FutureTechLive!,https://medium.com/veve-collectibles/veve-presents-comic-con-home-metaverse-futuretechlive-63c6a412a478,2681,VeVe.
2021-07-19,Chaosium— Cthulhu Idols,https://medium.com/veve-collectibles/chaosium-cthulhu-idols-1e6a889aee3e,2758,VeVe
2021-07-19,VeVe Welcomes: Chaosium,https://medium.com/veve-collectibles/veve-welcomes-chaosium-20445a20a02b,2306,VeVe.
2021-07-20,VeVe Welcomes Mondo,https://medium.com/veve-collectibles/veve-welcomes-mondo-ce9592ecfbe7,2708,VeVe.
2021-07-20,Mondo - Comic-Con@Home,https://medium.com/veve-collectibles/mondo-comic-con-home-79aec2dcca52,2919,VeVe
2021-07-20,VeVe Welcomes Bill and Ted,https://medium.com/veve-collectibles/veve-welcomes-bill-and-ted-b25aed90274,3007,VeVe.
2021-07-21,VeVe Welcomes Jermaine Rogers,https://medium.com/veve-collectibles/veve-welcomes-jermaine-rogers-a4af9b7e850d,2904,VeVe.
2021-07-21,Jermaine Rogers — CHOICES,https://medium.com/veve-collectibles/jermaine-rogers-choices-e3979011accf,3032,VeVe
2021-08-05,Modern Marvel Series 1 — Spider-Man,https://medium.com/veve-collectibles/modern-marvel-series-1-spider-man-3db043b0228f,4456,VeVe
2021-08-12,VeVe Update: Blind Boxes,https://medium.com/veve-collectibles/veve-update-blind-boxes-9513ad764225,2864,VeVe.
2021-08-17,Marvel Digital Comics,https://medium.com/veve-collectibles/marvel-digital-comics-6d4a77713ea8,3079,VeVe
2021-08-18,Introducing: VeVe Digital Comics,https://medium.com/veve-collectibles/introducing-veve-digital-comics-3571811902b0,4702,VeVe
2021-08-23,Marvel Digital Comics #2,https://medium.com/veve-collectibles/marvel-digital-comics-2-adbffff37e58,3134,VeVe
2021-08-27,Marvel Mightys — Series 2 — Fantastic Four,https://medium.com/veve-collectibles/marvel-mightys-series-2-fantastic-four-5959588d5ff5,3216,VeVe
2021-08-30,Marvel 1st’s — Captain America — Series 1,https://medium.com/veve-collectibles/marvel-1sts-captain-america-series-1-345404e5052,3756,VeVe
2021-08-30,Marvel Digital Comics #3 — Amazing Spider-Man #1,https://medium.com/veve-collectibles/marvel-digital-comics-3-amazing-spider-man-1-e2cfb3a9589,1505,VeVe
2021-09-06,Marvel Digital Comics #4 — What If,https://medium.com/veve-collectibles/marvel-digital-comics-4-what-if-d81a9742939e,1444,VeVe
2021-09-07,Star Trek: The Next Generation — Series 1,https://medium.com/veve-collectibles/star-trek-the-next-generation-series-1-d7ed1260fe65,2350,VeVe
2021-09-08,Marvel Digital Comics #5 — Hulk: Future Imperfect,https://medium.com/veve-collectibles/marvel-digital-comics-5-hulk-future-imperfect-97b4d8b20be4,1474,VeVe
2021-09-10,VeVe Digital Comics: AR Reader,https://medium.com/veve-collectibles/veve-digital-comics-ar-reader-411bb26608c,3142,VeVe.
2021-09-13,Marvel Digital Comics — Avengers #8,https://medium.com/veve-collectibles/marvel-digital-comics-avengers-8-37da7a8b13e0,1398,VeVe
2021-09-15,Marvel Digital Comics — Tales of Suspense #52,https://medium.com/veve-collectibles/marvel-digital-comics-tales-of-suspense-52-17c4fc32586e,1340,VeVe
2021-09-16,Ron English — Cereal Killers S2,https://medium.com/veve-collectibles/ron-english-cereal-killers-s2-8bafeb273114,3555,VeVe
2021-09-17,VeVe Welcomes The Little Prince,https://medium.com/veve-collectibles/veve-welcomes-the-little-prince-dcb3b86dceeb,2509,VeVe.
2021-09-20,Marvel Digital Comics — Immortal Hulk #1,https://medium.com/veve-collectibles/marvel-digital-comics-immortal-hulk-1-3c183bd8972c,1691,VeVe
2021-09-22,Marvel Digital Comics — All New Captain America #1,https://medium.com/veve-collectibles/marvel-digital-comics-all-new-captain-america-1-7c52fd7d99ed,1539,VeVe
2021-09-23,VeVe Welcomes James Bond,https://medium.com/veve-collectibles/veve-welcomes-mgm-f5f92c55052b,2595,VeVe.
2021-09-23,Modern Marvel Series 2 — Throg,https://medium.com/veve-collectibles/modern-marvel-series-2-throg-922bae7606fb,2880,VeVe
2021-09-27,Marvel Digital Comics — Uncanny X-Men #4,https://medium.com/veve-collectibles/marvel-digital-comics-uncanny-x-men-4-17857ef64a55,1506,VeVe
2021-09-29,James Bond 007 — No Time To Die — Series 1,https://medium.com/veve-collectibles/james-bond-007-no-time-to-die-series-1-68f16190e756,3003,VeVe
2021-09-29,Marvel Digital Comics — Amazing Spider-Man #361,https://medium.com/veve-collectibles/marvel-digital-comics-amazing-spider-man-361-9f40865f050c,1530,VeVe
2021-09-29,James Bond 007 — No Time To Die Posters,https://medium.com/veve-collectibles/james-bond-007-no-time-to-die-posters-fed9ec81037f,2501,VeVe
2021-09-30,Frank Kozik — Labbit Series 2,https://medium.com/veve-collectibles/frank-kozik-labbit-series-2-16a51fc1213f,2730,VeVe
2021-10-04,Marvel Digital Comics — Fantastic Four #13,https://medium.com/veve-collectibles/marvel-digital-comics-fantastic-four-13-34bcd891861d,1731,VeVe
2021-10-05,Exclusive — No Time To Die Digital Movie Tickets,https://medium.com/veve-collectibles/exclusive-no-time-to-die-digital-movie-tickets-8c7474d60cc6,4297,VeVe
2021-10-05,Modern Marvel Series 3— Spider-Man (Ben Reilly),https://medium.com/veve-collectibles/modern-marvel-series-3-spider-man-ben-reilly-c53354bc6115,2918,VeVe
2021-10-06,Marvel Digital Comics — Daredevil #1,https://medium.com/veve-collectibles/marvel-digital-comics-daredevil-1-bcb77a762e3c,1847,VeVe
2021-10-08,Marvel Digital Comics —Thanos #13,https://medium.com/veve-collectibles/marvel-digital-comics-thanos-13-c34fc20067d0,1410,VeVe
2021-10-08,Marvel Mightys — Series 3 — Captain Carter,https://medium.com/veve-collectibles/marvel-mightys-series-3-captain-carter-ea43717b5bcf,1171,VeVe
2021-10-08,Toy Tokyo Exclusive: Dragon Girl by Simone Legno + tokidoki,https://medium.com/veve-collectibles/toy-tokyo-exclusive-dragon-girl-by-simone-legno-tokidoki-651fafa68f87,1660,VeVe
2021-10-11,Marvel Digital Comics — Ultimate Fallout #4,https://medium.com/veve-collectibles/marvel-digital-comics-ultimate-fallout-4-ffcb194667f8,1647,VeVe
2021-10-12,DesignerCon Enters the World of Digital Collectibles With VeVe,https://medium.com/veve-collectibles/designercon-enters-the-world-of-digital-collectibles-with-veve-b8c3c3c51969,4119,VeVe.
2021-10-13,Marvel Digital Comics — Thor #337,https://medium.com/veve-collectibles/marvel-digital-comics-thor-337-ed0991714c62,1846,VeVe
2021-10-14,"Harley Quinn: Red, White & Black — Series 2",https://medium.com/veve-collectibles/harley-quinn-red-white-black-series-2-15a92fc8be89,1827,VeVe
2021-10-18,Marvel Digital Comics — Amazing Spider-Man #50,https://medium.com/veve-collectibles/marvel-digital-comics-amazing-spider-man-50-8fadd4f47437,1848,VeVe Digital Collectibles
2021-10-19,Marvel Digital Comics — Web of Spider-Man #118,https://medium.com/veve-collectibles/marvel-digital-comics-web-of-spider-man-118-e935ed2eaf34,1774,VeVe Digital Collectibles
2021-10-22,Modern Marvel Series 4 — Alligator Loki,https://medium.com/veve-collectibles/modern-marvel-series-4-alligator-loki-1e2f8ff1f8db,2516,VeVe Digital Collectibles
2021-10-25,Marvel Digital Comics — Ultimate Fantastic Four #21,https://medium.com/veve-collectibles/marvel-digital-comics-ultimate-fantastic-four-21-3041d7e5fe82,1532,VeVe Digital Collectibles
2021-10-27,VeVe Celebrates Disney+ Day,https://medium.com/veve-collectibles/veve-celebrates-disney-day-1314376a017a,1854,VeVe Digital Collectibles
2021-10-27,Marvel Digital Comics — Powers of X #1,https://medium.com/veve-collectibles/marvel-digital-comics-powers-of-x-1-556560c57c00,1538,VeVe Digital Collectibles
2021-10-28,First Look: VeVe Master Collector Program,https://medium.com/veve-collectibles/first-look-veve-master-collector-program-d2db16b1b559,15391,VeVe Digital Collectibles
2021-10-29,Modern Marvel — Zombie Hunter Spider-Man,https://medium.com/veve-collectibles/modern-marvel-zombie-hunter-spider-man-c257c895b62d,2449,VeVe Digital Collectibles
2021-10-29,Modern Marvel — Zombie Captain America,https://medium.com/veve-collectibles/modern-marvel-zombie-captain-america-7dab98f56500,2372,VeVe Digital Collectibles
2021-11-01,VeVe Welcomes the United States Postal Service,https://medium.com/veve-collectibles/veve-welcomes-the-united-states-postal-service-67c33644d9b7,3145,VeVe.
2021-11-01,USPS Series 1 — Day of the Dead,https://medium.com/veve-collectibles/usps-series-1-day-of-the-dead-b5891e0d0baa,4827,VeVe Digital Collectibles
2021-11-01,Marvel Digital Comics — Ultimates #1,https://medium.com/veve-collectibles/marvel-digital-comics-ultimates-1-c4986654675f,1376,VeVe Digital Collectibles
2021-11-03,Marvel Digital Comics — Eternals #1,https://medium.com/veve-collectibles/marvel-digital-comics-eternals-1-6060aca04abb,1613,VeVe Digital Collectibles
2021-11-04,Marvel Mightys Series 4— Eternals,https://medium.com/veve-collectibles/marvel-mightys-series-4-eternals-d5c57f03503c,6517,VeVe Digital Collectibles
2021-11-05,Disney Golden Moments — The Simpsons,https://medium.com/veve-collectibles/disney-golden-moments-the-simpsons-a27a84adef27,3684,VeVe Digital Collectibles
2021-11-06,Disney Golden Moments — Walt Disney Animation Studios,https://medium.com/veve-collectibles/disney-golden-moments-walt-disney-animation-studios-2efe910b9929,5065,VeVe Digital Collectibles
2021-11-07,Disney Golden Moments — Pixar,https://medium.com/veve-collectibles/disney-golden-moments-pixar-607784585bcc,4737,VeVe Digital Collectibles
2021-11-08,Disney Golden Moments — Marvel,https://medium.com/veve-collectibles/disney-golden-moments-marvel-6bfa3bda6bd5,3850,VeVe Digital Collectibles
2021-11-09,Disney Golden Moments — STAR WARS,https://medium.com/veve-collectibles/disney-golden-moments-star-wars-96dc5baba88b,4964,VeVe Digital Collectibles
2021-11-10,Disney Golden Moments — Walt Disney & Mickey Mouse,https://medium.com/veve-collectibles/disney-golden-moments-walt-disney-mickey-mouse-9821fb07fdd7,3372,VeVe Digital Collectibles
2021-11-11,VeVe at DesignerCon — Friday,https://medium.com/veve-collectibles/veve-at-designercon-friday-233ef9d6cf2a,7008,VeVe Digital Collectibles
2021-11-11,VeVe at DesignerCon — Sunday,https://medium.com/veve-collectibles/veve-at-designercon-sunday-473f1d6c4a78,13042,VeVe Digital Collectibles
2021-11-11,VeVe at DesignerCon — Saturday,https://medium.com/veve-collectibles/veve-at-designercon-saturday-1bca3039fbc3,12558,VeVe Digital Collectibles
2021-11-12,Marvel Digital Comics — Avengers #80,https://medium.com/veve-collectibles/marvel-digital-comics-avengers-80-522374f2e880,1433,VeVe Digital Collectibles
2021-11-15,Marvel Digital Comics — Amazing Spider-Man #14,https://medium.com/veve-collectibles/marvel-digital-comics-amazing-spider-man-14-5d63e5a4ffbc,1524,VeVe Digital Collectibles
2021-11-15,VeVe App Update: Build .519,https://medium.com/veve-collectibles/veve-app-update-build-519-417dae49c3f8,3052,VeVe.
2021-11-16,Marvel Digital Comics — Hit-Monkey #1,https://medium.com/veve-collectibles/marvel-digital-comics-hit-monkey-1-213f647de5ba,1588,VeVe Digital Collectibles
2021-11-18,Marvel Digital Comics — Fantastic Four #5,https://medium.com/veve-collectibles/marvel-digital-comics-fantastic-four-5-86bb46eb71af,1528,VeVe Digital Collectibles
2021-11-19,VeVe Master Collector Program v0.2,https://medium.com/veve-collectibles/veve-master-collector-program-v0-2-b118830cb093,15740,VeVe
2021-11-19,Modern Marvel — Storm,https://medium.com/veve-collectibles/modern-marvel-storm-d88efed675ed,3462,VeVe Digital Collectibles
2021-11-21,DesignerCon Wrap Up,https://medium.com/veve-collectibles/designercon-wrap-up-bb1367cea034,5439,VeVe.
2021-11-22,Marvel Digital Comics — Tales of Suspense #57,https://medium.com/veve-collectibles/marvel-digital-comics-tales-of-suspense-57-2a8b77f1f74e,1530,VeVe Digital Collectibles
2021-11-23,Marvel Digital Comics — Young Avengers #12,https://medium.com/veve-collectibles/marvel-digital-comics-young-avengers-12-8ccfce67419,1529,VeVe Digital Collectibles
2021-11-24,Marvel Digital Comics — Uncanny X-Men #308,https://medium.com/veve-collectibles/marvel-digital-comics-uncanny-x-men-308-843c022d66c2,1474,VeVe Digital Collectibles
2021-11-24,Ron English — Cereal Killers S3,https://medium.com/veve-collectibles/ron-english-cereal-killers-s3-163b12df9ddc,3147,VeVe Digital Collectibles
2021-11-29,Marvel Digital Comics — Uncanny X-Men #129,https://medium.com/veve-collectibles/marvel-digital-comics-uncanny-x-men-129-77e617e78c95,1502,VeVe Digital Collectibles
2021-12-01,Marvel Digital Comics — Ultimate Spider-Man #1,https://medium.com/veve-collectibles/marvel-digital-comics-ultimate-spider-man-1-e7851e7a3b14,1627,VeVe Digital Collectibles
2021-12-02,VeVe Welcomes The Jim Henson Company,https://medium.com/veve-collectibles/veve-welcomes-jim-hensons-labyrinth-be4eac9d03f,4217,VeVe.
2021-12-03,DC Artists Alley — Series 1,https://medium.com/veve-collectibles/dc-artists-alley-series-1-d76b81c464b2,2644,VeVe Digital Collectibles
2021-12-06,Marvel Digital Comics — Avengers #47,https://medium.com/veve-collectibles/marvel-digital-comics-avengers-47-ed1c521440d8,1539,VeVe Digital Collectibles
2021-12-07,Marvel Digital Comics — Amazing Spider-Man #3,https://medium.com/veve-collectibles/marvel-digital-comics-amazing-spider-man-3-fcfd8d1aee99,1657,VeVe Digital Collectibles
2021-12-07,VeVe Welcomes Citroën,https://medium.com/veve-collectibles/veve-welcomes-citro%C3%ABn-17041263f8aa,2121,VeVe.
2021-12-07,VeVe Welcomes DS Automobiles,https://medium.com/veve-collectibles/veve-welcomes-ds-automobiles-df5d5e2f47ae,3075,VeVe Digital Collectibles
2021-12-08,Marvel Digital Comics — Darkhawk #1,https://medium.com/veve-collectibles/marvel-digital-comics-darkhawk-1-b6c653f0d81e,1445,VeVe Digital Collectibles
2021-12-10,VeVe Showroom V2 - Overview,https://medium.com/veve-collectibles/veve-showroom-v2-overview-341051e33430,4716,VeVe.
2021-12-10,Voltron: Legendary Defender S1,https://medium.com/veve-collectibles/voltron-legendary-defender-s1-44bff0d816d3,3088,VeVe Digital Collectibles
2021-12-13,Marvel Digital Comics — Astonishing X-Men #1,https://medium.com/veve-collectibles/marvel-digital-comics-astonishing-x-men-1-e53d6acdecf2,1472,VeVe Digital Collectibles
2021-12-15,Marvel Digital Comics — Avengers #57,https://medium.com/veve-collectibles/marvel-digital-comics-avengers-57-3ad2db511c02,1530,VeVe Digital Collectibles
2021-12-16,A Very Deadpool Christmas,https://medium.com/veve-collectibles/a-very-deadpool-christmas-535cdeea5bf2,3787,VeVe Digital Collectibles
2021-12-18,Coca-Cola — Snow Globes,https://medium.com/veve-collectibles/coca-cola-snow-globes-ddc7444b6789,2672,VeVe Digital Collectibles
2021-12-20,Marvel Digital Comics — Iron Fist #14,https://medium.com/veve-collectibles/marvel-digital-comics-iron-fist-14-386ed0367aa4,1490,VeVe Digital Collectibles
2021-12-20,The Mickey Mouse NFT Collection — Series 1 — Steamboat Willie,https://medium.com/veve-collectibles/the-mickey-mouse-nft-collection-series-1-steamboat-willie-769505e7144d,3990,Alex Gonzales
2021-12-21,Frank Kozik — Labbit Series 3,https://medium.com/veve-collectibles/frank-kozik-labbit-series-3-493e5a81e28c,1990,VeVe Digital Collectibles
2021-12-22,Marvel Studios’ Hawkeye— Rogers: the Musical — Poster,https://medium.com/veve-collectibles/marvel-studios-hawkeye-rogers-the-musical-poster-6587f92ee69e,1764,VeVe Digital Collectibles
2021-12-23,USPS — A Visit From St. Nick,https://medium.com/veve-collectibles/usps-a-visit-from-st-nick-bd6375d1159,4035,VeVe Digital Collectibles
2021-12-23,Guardians of the Galaxy — Holiday Groot,https://medium.com/veve-collectibles/guardians-of-the-galaxy-holiday-groot-502645345b3e,2989,VeVe Digital Collectibles
2021-12-23,VeVe Master Collector Program v1.0,https://medium.com/veve-collectibles/veve-master-collector-program-v1-0-e93df8427f07,14887,VeVe
2021-12-23,MCP: Revision Notes,https://medium.com/veve-collectibles/mcp-revision-notes-68225255b4e8,2816,VeVe
2021-12-27,Marvel Digital Comics — Fantastic Four #12,https://medium.com/veve-collectibles/marvel-digital-comics-fantastic-four-12-edbac20c2502,1484,VeVe Digital Collectibles
2021-12-28,Marvel Digital Comics — Amazing Spider-Man #252,https://medium.com/veve-collectibles/marvel-digital-comics-amazing-spider-man-252-97ce199e24dc,1804,VeVe Digital Collectibles
2021-12-30,Ron English — Last Fat Breakfast,https://medium.com/veve-collectibles/ron-english-last-fat-breakfast-2ce8b3f0b4e3,2113,VeVe Digital Collectibles
2022-01-03,Marvel Digital Comics — Daredevil #131,https://medium.com/veve-collectibles/marvel-digital-comics-daredevil-131-400c497998cf,1379,VeVe Digital Collectibles
2022-01-04,Marvel Digital Comics — Incredible Hulk #347,https://medium.com/veve-collectibles/marvel-digital-comics-incredible-hulk-347-acc16456252,1420,VeVe Digital Collectibles
2022-01-06,tokidoki Mermicorno — Series 2,https://medium.com/veve-collectibles/tokidoki-mermicorno-series-2-fee8ce42e7a0,3148,VeVe Digital Collectibles
2022-01-10,Marvel Digital Comics — Amazing Spider-Man #798,https://medium.com/veve-collectibles/marvel-digital-comics-amazing-spider-man-798-6445f240a262,1440,VeVe Digital Collectibles
2022-01-11,Marvel Digital Comics — Alpha Flight #1,https://medium.com/veve-collectibles/marvel-digital-comics-alpha-flight-1-5f0106ad264b,1408,VeVe Digital Collectibles
2022-01-13,Fantastic Four — Invisible Woman,https://medium.com/veve-collectibles/fantastic-four-invisible-woman-b3ad0b177143,3919,VeVe Digital Collectibles
2022-01-14,Jermaine Rogers — Veil: Specimen,https://medium.com/veve-collectibles/jermaine-rogers-veil-specimen-5ba6d11d9518,2537,VeVe Digital Collectibles
2022-01-15,Marvel Digital Comics—Kraven’s Last Hunt,https://medium.com/veve-collectibles/marvel-digital-comics-kravens-last-hunt-281061716c18,5030,VeVe Digital Collectibles
2022-01-21,DC Battle Statue — Batman vs. Killer Croc,https://medium.com/veve-collectibles/dc-battle-statue-batman-vs-killer-croc-e4006820e9cf,2054,VeVe Digital Collectibles
2022-01-24,Marvel Digital Comics —Strange Academy #1,https://medium.com/veve-collectibles/marvel-digital-comics-strange-academy-1-f9d2469fcd99,1771,VeVe Digital Collectibles
2022-01-26,Marvel Digital Comics — Daredevil #25,https://medium.com/veve-collectibles/marvel-digital-comics-daredevil-25-4d5d1e0dea1f,1765,VeVe Digital Collectibles
2022-01-27,Disney Mickey and Friends NFT Collection,https://medium.com/veve-collectibles/disney-mickey-and-friends-nft-collection-3de468cfe5e6,4514,VeVe Digital Collectibles
2022-01-27,VeVe Welcomes Pili Fantasy,https://medium.com/veve-collectibles/veve-welcomes-pili-fantasy-584e620f7bd3,2106,VeVe Digital Collectibles
2022-01-28,Marvel Mightys — Spider-Man,https://medium.com/veve-collectibles/marvel-mightys-spider-man-3f9b7e2fc9d0,3992,VeVe Digital Collectibles
2022-01-29,USPS — Lunar New Year Stamp Pane Art,https://medium.com/veve-collectibles/usps-lunar-new-year-stamp-pane-art-f0a71c9b5372,2224,VeVe Digital Collectibles
2022-01-29,USPS — Lunar New Year Stamp Art,https://medium.com/veve-collectibles/usps-lunar-new-year-stamp-art-e5d9f01e4f8,6521,VeVe Digital Collectibles
2022-01-31,Marvel Digital Comics — Captain America #117,https://medium.com/veve-collectibles/marvel-digital-comics-captain-america-117-a01afdeeaf59,1589,VeVe Digital Collectibles
2022-01-31,Scott Tolleson — Imperial Lotus Dragon,https://medium.com/veve-collectibles/scott-tolleson-imperial-lotus-dragon-a382b6651ec,2700,VeVe Digital Collectibles
2022-02-02,Marvel Digital Comics — Amazing Spider-Man Annual #16,https://medium.com/veve-collectibles/marvel-digital-comics-amazing-spider-man-annual-16-5d6aef310d1b,1533,VeVe Digital Collectibles
2022-02-04,DC — Cover Girls — S2,https://medium.com/veve-collectibles/dc-cover-girls-s2-6d620a9eba8d,2620,VeVe Digital Collectibles
2022-02-04,Pili Fantasy: War of Dragons,https://medium.com/veve-collectibles/pili-fantasy-war-of-dragons-d3fe97319dc9,4460,VeVe Digital Collectibles
2022-02-04,Bots and Account Restrictions — What You Need To Know,https://medium.com/veve-collectibles/bots-and-account-restrictions-what-you-need-to-know-983341777dfd,15641,ECOMI
2022-02-07,Marvel Digital Comics — Hero For Hire #1,https://medium.com/veve-collectibles/marvel-digital-comics-hero-for-hire-1-390303a25387,1600,VeVe Digital Collectibles
2022-02-09,Marvel Digital Comics — Black Panther (1998) #1,https://medium.com/veve-collectibles/marvel-digital-comics-black-panther-1998-1-8a77bd4c160f,1541,VeVe Digital Collectibles
2022-02-10,Collectible Edition Types — What You Need To Know,https://medium.com/veve-collectibles/collectible-edition-types-what-you-need-to-know-968f8625958a,5411,VeVe Digital Collectibles
2022-02-11,Marvel Digital Comics — Uncanny X-Men #170,https://medium.com/veve-collectibles/marvel-digital-comics-uncanny-x-men-170-d49da640f1ed,1396,VeVe Digital Collectibles
2022-02-12,Disney Golden Moments — Valentine’s Day,https://medium.com/veve-collectibles/disney-golden-moments-valentines-day-8ba2ed996913,3804,VeVe Digital Collectibles
2022-02-13,Marvel Digital Comics — Fantastic Four Annual #3,https://medium.com/veve-collectibles/marvel-digital-comics-fantastic-four-annual-3-919c3d241562,1495,VeVe Digital Collectibles
2022-02-15,Marvel Digital Comics — Marvel Premiere #21,https://medium.com/veve-collectibles/marvel-digital-comics-marvel-premiere-21-40ff57e07766,1591,VeVe Digital Collectibles
2022-02-16,Inked Stories: Eve (Colorized) — Physical Collectible Redemption,https://medium.com/veve-collectibles/inked-stories-eve-colorized-physical-collectible-redemption-7d403b288301,2215,VeVe Digital Collectibles
2022-02-17,Marvel Digital Comics — Spider-Men #1,https://medium.com/veve-collectibles/marvel-digital-comics-spider-men-1-6fb0e619ffe5,1319,VeVe Digital Collectibles
2022-02-19,James Bond 007 — No Time To Die — Posters S5,https://medium.com/veve-collectibles/james-bond-007-no-time-to-die-posters-s5-89a70eb66968,2123,VeVe Digital Collectibles
2022-02-19,James Bond 007 — No Time To Die — Triumph Motorcycle,https://medium.com/veve-collectibles/james-bond-007-no-time-to-die-triumph-motorcycle-a6935eb8b506,2983,VeVe Digital Collectibles
2022-02-20,Marvel Digital Comics — Vote Loki #1,https://medium.com/veve-collectibles/marvel-digital-comics-vote-loki-1-f311f735d2e3,1697,VeVe Digital Collectibles
2022-02-22,Marvel — Black Panther,https://medium.com/veve-collectibles/marvel-black-panther-e3a7a2998989,4042,VeVe Digital Collectibles
2022-02-22,Marvel Digital Comics — Jungle Action #6,https://medium.com/veve-collectibles/marvel-digital-comics-jungle-action-6-b84622482960,1432,VeVe Digital Collectibles
2022-02-24,James Bond — NTTD — Aston Martin DB5,https://medium.com/veve-collectibles/james-bond-nttd-aston-martin-db5-da6f016ac7d8,5509,VeVe Digital Collectibles
2022-02-24,Marvel Digital Comics — Uncanny X-Men #282,https://medium.com/veve-collectibles/marvel-digital-comics-uncanny-x-men-282-fd3f4648538f,1512,VeVe Digital Collectibles
2022-02-25,VeVe Payout Details: What You Need to Know,https://medium.com/veve-collectibles/veve-payout-details-what-you-need-to-know-23bb2a6bd26a,9978,VeVe.
2022-02-27,Marvel Digital Comics — Marvel Spotlight #5,https://medium.com/veve-collectibles/marvel-digital-comics-marvel-spotlight-5-c1a96857d88a,1441,VeVe Digital Collectibles
2022-03-01,Marvel Digital Comics — Tales of Suspense #77,https://medium.com/veve-collectibles/marvel-digital-comics-tales-of-suspense-77-7f8e455449af,1581,VeVe Digital Collectibles
2022-03-02,Matt Gondek’s Weapon Racks — S1,https://medium.com/veve-collectibles/matt-gondeks-weapon-racks-s1-d211694b61eb,2604,VeVe Digital Collectibles
2022-03-03,Marvel Digital Comics — Fantastic Four #265,https://medium.com/veve-collectibles/marvel-digital-comics-fantastic-four-265-5971a9b084d0,1494,VeVe Digital Collectibles
2022-03-04,Matt Gondek — Failure of Control,https://medium.com/veve-collectibles/matt-gondek-failure-of-control-f9948435acb1,1467,VeVe Digital Collectibles
2022-03-06,Marvel Digital Comics — Amazing Spider-Man #86,https://medium.com/veve-collectibles/marvel-digital-comics-amazing-spider-man-86-ab7b9b0ffcc,1377,VeVe Digital Collectibles
2022-03-08,Marvel Digital Comics —Ms. Marvel #16,https://medium.com/veve-collectibles/marvel-digital-comics-ms-marvel-16-7a5c61b4944c,1448,VeVe Digital Collectibles
2022-03-10,Marvel Digital Comics — Uncanny X-Men #96,https://medium.com/veve-collectibles/marvel-digital-comics-uncanny-x-men-96-68ec251a978c,1522,VeVe Digital Collectibles
2022-03-11,Ron English — Ukraine Relief Project,https://medium.com/veve-collectibles/ron-english-ukraine-relief-project-3b2da6333335,5351,VeVe Digital Collectibles
2022-03-12,Disney — PIXAR PALS,https://medium.com/veve-collectibles/disney-pixar-pals-25c6da53ab8e,5737,VeVe Digital Collectibles
2022-03-13,Marvel Digital Comics — Deadpool #1,https://medium.com/veve-collectibles/marvel-digital-comics-deadpool-1-5a6d7b7af381,1736,VeVe Digital Collectibles
2022-03-16,Marvel Digital Comics — Spider-Woman #37,https://medium.com/veve-collectibles/marvel-digital-comics-spider-woman-37-5fdb80079281,1590,VeVe Digital Collectibles
2022-03-17,Marvel Digital Comics — NYX #3,https://medium.com/veve-collectibles/marvel-digital-comics-nyx-3-461739a2d4a1,1587,VeVe Digital Collectibles
2022-03-18,Disney Golden Moments — Disney Duos,https://medium.com/veve-collectibles/disney-golden-moments-disney-duos-1bfab135c75a,5737,VeVe Digital Collectibles
2022-03-19,Marvel’s Daredevil — Elektra,https://medium.com/veve-collectibles/marvels-daredevil-elektra-7d822be98ef6,3582,VeVe Digital Collectibles
2022-03-20,Marvel Digital Comics — What If #105,https://medium.com/veve-collectibles/marvel-digital-comics-what-if-105-b044c4e34876,1551,VeVe Digital Collectibles
2022-03-22,Marvel Digital Comics — Night Nurse #1,https://medium.com/veve-collectibles/marvel-digital-comics-night-nurse-1-4ca896e7f85,1523,VeVe Digital Collectibles
2022-03-24,Gary Baseman — Toby,https://medium.com/veve-collectibles/gary-baseman-toby-f360f7538335,5349,VeVe Digital Collectibles
2022-03-24,Marvel Digital Comics —Strange Tales #180,https://medium.com/veve-collectibles/marvel-digital-comics-strange-tales-180-3e17dda4c8d7,1520,VeVe Digital Collectibles
2022-03-25,USPS — Stamp Art — Title IX,https://medium.com/veve-collectibles/usps-stamp-art-title-ix-1b13d13ad348,5493,VeVe Digital Collectibles
2022-03-27,Marvel Digital Comics — Uncanny X-Men #200,https://medium.com/veve-collectibles/marvel-digital-comics-uncanny-x-men-200-f2d69056cf43,1579,VeVe Digital Collectibles
2022-03-29,Rewind Collective — House of Cards,https://medium.com/veve-collectibles/rewind-collective-house-of-cards-d7b66d86dfdb,6971,VeVe Digital Collectibles
2022-03-29,Marvel Digital Comics — Amazing Spider-Man #101,https://medium.com/veve-collectibles/marvel-digital-comics-amazing-spider-man-101-cbf53716cfe8,1528,VeVe Digital Collectibles
2022-03-31,Marvel Digital Comics — Not Brand Echh #1,https://medium.com/veve-collectibles/marvel-digital-comics-not-brand-echh-1-2254dd47e327,1740,VeVe Digital Collectibles
2022-04-01,The Disney Mickey Mouse NFT Collection — Bandleader Mickey,https://medium.com/veve-collectibles/the-disney-mickey-mouse-nft-collection-bandleader-mickey-94ca4d41f82b,4389,VeVe Digital Collectibles
2022-04-02,Knight Rider — K.I.T.T.,https://medium.com/veve-collectibles/knight-rider-k-i-t-t-fbb03689f7bb,3433,VeVe Digital Collectibles
2022-04-03,Marvel Digital Comics —Werewolf by Night #32,https://medium.com/veve-collectibles/marvel-digital-comics-werewolf-by-night-32-8cc509670f86,1652,VeVe Digital Collectibles
2022-04-05,Marvel Studios — Moon Knight,https://medium.com/veve-collectibles/marvel-studios-moon-knight-50f04ad7f112,4012,VeVe Digital Collectibles
2022-04-06,VeVe App Update: Transfers & KYC,https://medium.com/veve-collectibles/veve-app-update-transfers-kyc-235cf007783d,4039,VeVe Digital Collectibles
2022-04-07,Marvel Digital Comics — Inhumans #5,https://medium.com/veve-collectibles/marvel-digital-comics-inhumans-5-f00b73910ed,1590,VeVe Digital Collectibles
2022-04-08,Batman: Black & White — Series 6,https://medium.com/veve-collectibles/batman-black-white-series-6-4c13b08f505,3080,VeVe Digital Collectibles
2022-04-08,USPS — Stamp Art — Take Me Out to the Ball Game,https://medium.com/veve-collectibles/usps-stamp-art-take-me-out-to-the-ball-game-3a0bcd30de2,2696,VeVe Digital Collectibles
2022-04-08,Coca-Cola Creations— Starlight,https://medium.com/veve-collectibles/coca-cola-creations-starlight-e43a054d7928,4247,VeVe Digital Collectibles
2022-04-10,Marvel Digital Comics — Fallen Son: The Death of Captain America 1–5,https://medium.com/veve-collectibles/marvel-digital-comics-fallen-son-the-death-of-captain-america-1-5-ffb229758a0,4620,VeVe Digital Collectibles
2022-04-15,Matt Gondek — DEADBEATS,https://medium.com/veve-collectibles/matt-gondek-deadbeats-ccdf952a7198,3151,VeVe Digital Collectibles
2022-04-19,Marvel Digital Comics — X-Men #25,https://medium.com/veve-collectibles/marvel-digital-comics-x-men-25-5057cc971016,1686,VeVe Digital Collectibles
2022-04-21,Marvel Digital Comics — Marvel Team-Up #1,https://medium.com/veve-collectibles/marvel-digital-comics-marvel-team-up-1-b25225e249dc,1526,VeVe Digital Collectibles
2022-04-22,Disney Villains — Series 1,https://medium.com/veve-collectibles/disney-villains-series-1-fae7935d5f2b,4837,VeVe Digital Collectibles
2022-04-24,Marvel Digital Comics — Amazing Spider-Man #256,https://medium.com/veve-collectibles/marvel-digital-comics-amazing-spider-man-256-30fcdb66588d,1674,VeVe Digital Collectibles
2022-04-25,Marvel Digital Comics — Silver Surfer Black #1,https://medium.com/veve-collectibles/marvel-digital-comics-silver-surfer-black-1-7dd6f277a4e2,1688,VeVe Digital Collectibles
2022-04-26,Marvel Digital Comics — New Mutants Annual #2,https://medium.com/veve-collectibles/marvel-digital-comics-new-mutants-annual-2-ae07f2f99c5e,1569,VeVe Digital Collectibles
2022-04-27,Doctor Strange — Eye of Agamotto,https://medium.com/veve-collectibles/doctor-strange-eye-of-agamotto-107da99d7f94,3526,VeVe Digital Collectibles
2022-04-28,Patrick Hughes — Reverspective Art,https://medium.com/veve-collectibles/patrick-hughes-reverspective-art-626601b286b2,3742,VeVe Digital Collectibles
2022-05-01,Marvel Digital Comics — Strange Tales #111,https://medium.com/veve-collectibles/marvel-digital-comics-strange-tales-111-56215d64e3e3,1576,VeVe Digital Collectibles
2022-05-03,Star Wars Digital Comics — Star Wars™ #1 (1977),https://medium.com/veve-collectibles/star-wars-digital-comics-star-wars-1-1977-7cecc8c115c7,1673,VeVe Digital Collectibles
2022-05-05,Marvel Digital Comics — Strange Tales #110,https://medium.com/veve-collectibles/marvel-digital-comics-strange-tales-110-93f9aeb4dd6,1609,VeVe Digital Collectibles
2022-05-06,DC Battle Statues— Superman™ vs. The Flash™,https://medium.com/veve-collectibles/dc-battle-statues-superman-vs-the-flash-79ae03ead2a6,1528,VeVe Digital Collectibles
2022-05-09,Marvel Digital Comics — Vengeance #1,https://medium.com/veve-collectibles/marvel-digital-comics-vengeance-1-1a4b99f0087,1597,VeVe Digital Collectibles
2022-05-11,Marvel Digital Comics —Amazing Spider-Man #194,https://medium.com/veve-collectibles/marvel-digital-comics-amazing-spider-man-194-d7ab2b123284,1621,VeVe Digital Collectibles
2022-05-14,Marvel Studios — Thor,https://medium.com/veve-collectibles/marvel-studios-thor-9203620b45aa,3918,VeVe Digital Collectibles
2022-05-14,"Community Update/AMA Recap — Fri, 13 May 2022",https://medium.com/veve-collectibles/community-update-ama-recap-fri-13-may-2022-6a2f2befa827,1840,VeVe Digital Collectibles
2022-05-16,Marvel Digital Comics — Invincible Iron Man #118,https://medium.com/veve-collectibles/marvel-digital-comics-invincible-iron-man-118-45ca7df23a18,1643,VeVe Digital Collectibles
2022-05-18,Marvel Digital Comics — New Mutants #87,https://medium.com/veve-collectibles/marvel-digital-comics-new-mutants-87-22ab3c21c246,1712,VeVe Digital Collectibles
2022-05-20,Marvel Mightys — Deadpool,https://medium.com/veve-collectibles/marvel-mightys-deadpool-df2076e891f5,4514,VeVe Digital Collectibles
2022-05-23,Marvel Digital Comics — West Coast Avengers #7,https://medium.com/veve-collectibles/marvel-digital-comics-west-coast-avengers-7-73ed69e37344,1861,VeVe Digital Collectibles
2022-05-25,Marvel Digital Comics — Sgt. Fury and his Howling Commandos #1,https://medium.com/veve-collectibles/marvel-digital-comics-sgt-fury-and-his-howling-commandos-1-82e13df2002c,1776,VeVe Digital Collectibles
2022-05-25,Star Wars™ — Lightsabers Collection — Series 1,https://medium.com/veve-collectibles/star-wars-lightsabers-collection-series-1-baf9e8a8df76,5173,VeVe Digital Collectibles
2022-05-26,Star Wars™ Digital Comics — Obi-Wan #1,https://medium.com/veve-collectibles/star-wars-digital-comics-obi-wan-1-273da2641fea,1927,VeVe Digital Collectibles
2022-05-27,Star Wars™ Theatrical Poster Series,https://medium.com/veve-collectibles/star-wars-theatrical-poster-series-ff51dc7a3e22,4095,VeVe Digital Collectibles
2022-05-28,Star Wars™ — Darth Vader,https://medium.com/veve-collectibles/star-wars-darth-vader-fb1002943bb2,3134,VeVe Digital Collectibles
2022-05-29,Marvel Digital Comics — Avengers #4,https://medium.com/veve-collectibles/marvel-digital-comics-avengers-4-89d83f86103d,1567,VeVe Digital Collectibles
2022-06-01,VeVe x DCon Kickoff Party + DCon 2022 Collection — Series 1,https://medium.com/veve-collectibles/veve-x-dcon-kickoff-party-dcon-2022-collection-series-1-aef7b17a503d,8124,VeVe Digital Collectibles
2022-06-02,"ERB, Inc. Digital Comics — Tarzan of the Apes #207",https://medium.com/veve-collectibles/erb-inc-digital-comics-tarzan-of-the-apes-207-ba9c75846116,1880,VeVe Digital Collectibles
2022-06-03,Marvel Digital Comics — Captain Marvel #14,https://medium.com/veve-collectibles/marvel-digital-comics-captain-marvel-14-d7f6df65b0c2,1664,VeVe Digital Collectibles
2022-06-05,"Harley Quinn: Red, White & Black — Series 3",https://medium.com/veve-collectibles/harley-quinn-red-white-black-series-3-e88f6a578c60,3315,VeVe Digital Collectibles
2022-06-06,Marvel Digital Comics — Invincible Iron Man #55,https://medium.com/veve-collectibles/marvel-digital-comics-invincible-iron-man-55-3c82e2a9cfab,1587,VeVe Digital Collectibles
2022-06-08,Marvel Digital Comics — All-New Marvel NOW! Point One #1,https://medium.com/veve-collectibles/marvel-digital-comics-all-new-marvel-now-point-one-1-fbd5bfd7af37,1904,VeVe Digital Collectibles
2022-06-13,Marvel Digital Comics — New Avengers #7,https://medium.com/veve-collectibles/marvel-digital-comics-new-avengers-7-568676e3f3ed,1568,VeVe Digital Collectibles
2022-06-15,Marvel Digital Comics —Alpha Flight #106,https://medium.com/veve-collectibles/marvel-digital-comics-alpha-flight-106-f0949eb618ad,1484,VeVe Digital Collectibles
2022-06-17,Jurassic World Dominion — T. rex,https://medium.com/veve-collectibles/jurassic-world-dominion-t-rex-98a97050d2cd,4864,VeVe Digital Collectibles
2022-06-17,Jurassic World Dominion — Blue,https://medium.com/veve-collectibles/jurassic-world-dominion-blue-2fee7ab8d2d,4892,VeVe Digital Collectibles
2022-06-18,Star Wars: Father’s Day Collection,https://medium.com/veve-collectibles/star-wars-fathers-day-collection-23002a51ad60,4751,VeVe Digital Collectibles
2022-06-19,Marvel Digital Comics — Spider-Man #1–5,https://medium.com/veve-collectibles/marvel-digital-comics-spider-man-1-5-cdf2d92410bb,4759,VeVe Digital Collectibles
2022-06-25,Disney Stitch 626 Series,https://medium.com/veve-collectibles/disney-stitch-626-series-c817a8f8b72a,4023,VeVe Digital Collectibles
2022-06-25,KYC — What You Need To Know,https://medium.com/veve-collectibles/kyc-what-you-need-to-know-850b8501db5c,6836,VeVe Digital Collectibles
2022-06-27,Marvel Digital Comics — Uncanny X-Men #244,https://medium.com/veve-collectibles/marvel-digital-comics-uncanny-x-men-244-c8ef1142d7aa,1723,VeVe Digital Collectibles
2022-06-28,Givenchy Beauty + Rewind Collective — Pride 2022,https://medium.com/veve-collectibles/givenchy-beauty-rewind-collective-pride-2022-a389ceedaef3,3105,VeVe Digital Collectibles
2022-06-28,Marvel Mightys — Thor,https://medium.com/veve-collectibles/marvel-mightys-thor-910f06008da3,4277,VeVe Digital Collectibles
2022-06-29,Marvel Digital Comics —Young Avengers #1,https://medium.com/veve-collectibles/marvel-digital-comics-young-avengers-1-33b838943490,1617,VeVe Digital Collectibles
2022-06-30,Payout: What You Need To Know,https://medium.com/veve-collectibles/veve-payout-what-you-need-to-know-c00529b28891,7624,VeVe Digital Collectibles
2022-07-04,Marvel Digital Comics — Thor: God of Thunder #1,https://medium.com/veve-collectibles/marvel-digital-comics-thor-god-of-thunder-1-b0a28cd63bb,1618,VeVe Digital Collectibles
2022-07-06,Marvel Digital Comics — Thor (2014) #1,https://medium.com/veve-collectibles/marvel-digital-comics-thor-2014-1-6bd638814125,1785,VeVe Digital Collectibles
2022-07-08,USPS — Stamp Art — Classics Forever,https://medium.com/veve-collectibles/usps-stamp-art-classics-forever-4c87f32aca9d,6775,VeVe Digital Collectibles
2022-07-11,Marvel Digital Comics — Venom #3,https://medium.com/veve-collectibles/marvel-digital-comics-venom-3-1c12ecbb95ab,1663,VeVe Digital Collectibles
2022-07-13,Marvel Digital Comics — Marauders #21,https://medium.com/veve-collectibles/marvel-digital-comics-marauders-21-492e5ee79fb2,1777,VeVe Digital Collectibles
2022-07-15,Jurassic World Dominion —Beta,https://medium.com/veve-collectibles/jurassic-world-dominion-beta-77eab66b2044,4929,VeVe Digital Collectibles
2022-07-15,Disneyland® Resort Posters Collection,https://medium.com/veve-collectibles/disneyland-resort-posters-collection-36a626f47d3c,5915,VeVe Digital Collectibles
2022-07-15,Marvel — SDCC — Con Exclusives,https://medium.com/veve-collectibles/marvel-sdcc-con-exclusives-f201eb876971,3843,VeVe Digital Collectibles
2022-07-16,Hong Kong Disneyland “Momentous” Series,https://medium.com/veve-collectibles/hong-kong-disneyland-momentous-series-fffb5ef173bd,5273,VeVe Digital Collectibles
2022-07-19,Jurassic World Dominion — Blue and Beta Together (Airdrop),https://medium.com/veve-collectibles/jurassic-world-dominion-blue-and-beta-together-airdrop-d95b01242cc,5184,VeVe Digital Collectibles
2022-07-25,Marvel Digital Comics — Marvel Age Annual #4,https://medium.com/veve-collectibles/marvel-digital-comics-marvel-age-annual-4-fd1b29702937,1754,VeVe Digital Collectibles
2022-07-27,Marvel Digital Comics — Uncanny X-Men #266,https://medium.com/veve-collectibles/marvel-digital-comics-uncanny-x-men-266-1c2db5abd8b2,1686,VeVe Digital Collectibles
2022-07-28,Star Wars™ — Underworlders Collection — Boba Fett,https://medium.com/veve-collectibles/star-wars-underworlders-collection-boba-fett-21a0a6d23335,3345,VeVe Digital Collectibles
2022-08-01,Marvel Digital Comics — Incredible Hulk #377,https://medium.com/veve-collectibles/marvel-digital-comics-incredible-hulk-377-9f4ffc472e8,1647,VeVe Digital Collectibles
2022-08-01,Disney & PIXAR’s Lightyear: Alpha Suit Series,https://medium.com/veve-collectibles/disney-pixars-lightyear-alpha-suit-series-d9f000585cde,3222,VeVe Digital Collectibles
2022-08-03,Marvel Digital Comics — Unbeatable Squirrel Girl #1,https://medium.com/veve-collectibles/marvel-digital-comics-unbeatable-squirrel-girl-1-d0a5685ac0f4,1831,VeVe Digital Collectibles
2022-08-04,VeVe x DCon 2022 Collection — Sket One,https://medium.com/veve-collectibles/veve-x-dcon-2022-collection-sket-one-958a05ac319a,4598,VeVe Digital Collectibles
2022-08-04,VeVe x DCon 2022 Collection — Allison Bamcat,https://medium.com/veve-collectibles/veve-x-dcon-2022-collection-allison-bamcat-a9ad9ede7443,4212,VeVe Digital Collectibles
2022-08-04,VeVe x DCon 2022 Collection — Tara McPherson,https://medium.com/veve-collectibles/veve-x-dcon-2022-collection-tara-mcpherson-b2fd4995d70e,3891,VeVe Digital Collectibles
2022-08-07,Marvel Digital Comics — Amazing Fantasy #15,https://medium.com/veve-collectibles/marvel-digital-comics-amazing-fantasy-15-91de6539ed75,1716,VeVe Digital Collectibles
2022-08-09,Marvel Digital Comics — Tales to Astonish #13,https://medium.com/veve-collectibles/marvel-digital-comics-tales-to-astonish-13-80dd6218a61a,1602,VeVe Digital Collectibles
2022-08-09,Marvel Studios — I Am Groot,https://medium.com/veve-collectibles/marvel-studios-i-am-groot-a02929276844,1847,VeVe Digital Collectibles
2022-08-15,Marvel Digital Comics — Marvel Legacy #1,https://medium.com/veve-collectibles/marvel-digital-comics-marvel-legacy-1-11d94ff9c56a,1849,VeVe Digital Collectibles
2022-08-15,Introducing VeVe Artworks,https://medium.com/veve-collectibles/introducing-veve-artworks-1c6e39e34e10,5616,VeVe Digital Collectibles
2022-08-15,VeVe Artworks: Ron English — David Warhol,https://medium.com/veve-collectibles/veve-artworks-ron-english-david-warhol-eb9865be5315,2896,VeVe Digital Collectibles
2022-08-17,Marvel Digital Comics — Savage She-Hulk #1,https://medium.com/veve-collectibles/marvel-digital-comics-savage-she-hulk-1-10430c90144d,1414,VeVe Digital Collectibles
2022-08-18,Fantastic Four — Mister Fantastic,https://medium.com/veve-collectibles/fantastic-four-mister-fantastic-a12cb2779436,2368,VeVe Digital Collectibles
2022-08-19,Disney Princess Luminous Portrait Series,https://medium.com/veve-collectibles/disney-princess-luminous-portrait-series-875d08f75946,4268,VeVe Digital Collectibles
2022-08-21,VeVe Artworks: Brian Viveros — Top-Cat,https://medium.com/veve-collectibles/veve-artworks-brian-viveros-top-cat-db227d736d51,2895,VeVe Digital Collectibles
2022-08-22,Marvel Digital Comics — Marvel Super Heroes Secret Wars #3,https://medium.com/veve-collectibles/marvel-digital-comics-marvel-super-heroes-secret-wars-3-571b872182a1,1573,VeVe Digital Collectibles
2022-08-24,Marvel Digital Comics — Tales to Astonish #90,https://medium.com/veve-collectibles/marvel-digital-comics-tales-to-astonish-90-1453cf0888a3,1596,VeVe Digital Collectibles
2022-08-28,Marvel Artworks: Skottie Young — Amazing Spider-Man #1,https://medium.com/veve-collectibles/marvel-artworks-skottie-young-amazing-spider-man-1-e227733110f3,2915,VeVe Digital Collectibles
2022-08-28,Marvel Artworks: Brian Stelfreeze — Black Panther #25,https://medium.com/veve-collectibles/marvel-artworks-brian-stelfreeze-black-panther-25-9238d8dce68e,3085,VeVe Digital Collectibles
2022-08-28,Marvel Artworks: Sara Pichelli — Miles Morales: Spider-Man #25,https://medium.com/veve-collectibles/marvel-artworks-sara-pichelli-miles-morales-spider-man-25-db7810f7eb00,3308,VeVe Digital Collectibles
2022-08-29,Marvel Digital Comics — Amazing Spider-Man #300,https://medium.com/veve-collectibles/marvel-digital-comics-amazing-spider-man-300-6737b1cc5996,1749,VeVe Digital Collectibles
2022-08-29,DesignerCon London 2022— Day 1,https://medium.com/veve-collectibles/designercon-london-2022-day-1-1316a21fcbdd,8923,VeVe Digital Collectibles
2022-08-30,Marvel — Doc Ock,https://medium.com/veve-collectibles/marvel-doc-ock-236edc0fcc4e,2859,VeVe Digital Collectibles
2022-08-30,DesignerCon London 2022— Day 2,https://medium.com/veve-collectibles/designercon-london-2022-day-2-3d0a2af0b003,8306,VeVe Digital Collectibles
2022-09-01,Phygital Bundle: Jermaine Rogers — CHOICES Underbrush,https://medium.com/veve-collectibles/phygital-bundle-jermaine-rogers-choices-underbrush-ed91e31bc06a,2438,VeVe Digital Collectibles
2022-09-05,Marvel Artworks: Peach Momoko — Ghost-Spider #2,https://medium.com/veve-collectibles/marvel-artworks-peach-momoko-ghost-spider-2-6501cc0a99d2,2643,VeVe Digital Collectibles
2022-09-05,Marvel Artworks: Adam Kubert — Wolverine #107,https://medium.com/veve-collectibles/marvel-artworks-adam-kubert-wolverine-107-f75ce710c6bf,2870,VeVe Digital Collectibles
2022-09-07,Star Trek: The Next Generation— Romulan D’deridex Warbird,https://medium.com/veve-collectibles/star-trek-the-next-generation-romulan-dderidex-warbird-fcaabe87a19c,1762,VeVe Digital Collectibles
2022-09-07,Disney Mickey Mouse NFT Collection — The Sorcerer’s Apprentice Mickey,https://medium.com/veve-collectibles/disney-mickey-mouse-nft-collection-the-sorcerers-apprentice-mickey-3be407584acb,4389,VeVe Digital Collectibles
2022-09-07,Disney Golden Moments Finale,https://medium.com/veve-collectibles/disney-golden-moments-finale-98c238cb776b,4210,VeVe Digital Collectibles
2022-09-12,Marvel Artworks: Steve McNiven— Captain America #25,https://medium.com/veve-collectibles/marvel-artworks-steve-mcniven-captain-america-25-57f721df413e,2876,VeVe Digital Collectibles
2022-09-14,Marvel Digital Comics — All-New Ghost-Rider #1,https://medium.com/veve-collectibles/marvel-digital-comics-all-new-ghost-rider-1-7814b3df8118,1791,VeVe Digital Collectibles
2022-09-18,VeVe Artworks: Gary Baseman — I Will Always Believe Your Lies,https://medium.com/veve-collectibles/veve-artworks-gary-baseman-i-will-always-believe-your-lies-76f3c16af265,4072,VeVe Digital Collectibles
2022-09-19,Marvel Digital Comics — Nova (2013) #1,https://medium.com/veve-collectibles/marvel-digital-comics-nova-2013-1-dca7a91cf89,2320,VeVe Digital Collectibles
2022-09-23,The Art of Disneyland® Paris Series,https://medium.com/veve-collectibles/the-art-of-disneyland-paris-series-335cd1a6da61,5806,VeVe Digital Collectibles
2022-09-25,Marvel Artworks: Humberto Ramos — Amazing Spider-Man #692,https://medium.com/veve-collectibles/marvel-artworks-humberto-ramos-amazing-spider-man-692-caeb09985c0d,3569,VeVe Digital Collectibles
2022-09-28,Star Wars™ Vehicles Collection — Series 1,https://medium.com/veve-collectibles/star-wars-vehicles-collection-series-1-1c0e49f18565,3205,VeVe Digital Collectibles
2022-09-30,Live-Action Ultraman,https://medium.com/veve-collectibles/live-action-ultraman-1dfb6edfd225,4547,VeVe Digital Collectibles
2022-10-01,VeVe Metadata: What You Need To Know,https://medium.com/veve-collectibles/veve-metadata-what-you-need-to-know-b80ffcc3d8fc,3700,VeVe Digital Collectibles
2022-10-02,Marvel Artworks: Arthur Adams— Immortal Hulk #4,https://medium.com/veve-collectibles/marvel-artworks-arthur-adams-immortal-hulk-4-c06f04ab07bc,2635,VeVe Digital Collectibles
2022-10-02,Marvel — NYCC 2022 — Con Exclusives,https://medium.com/veve-collectibles/marvel-nycc-2022-con-exclusives-67409a865d68,3835,VeVe Digital Collectibles
2022-10-04,James Bond 007 —60th Anniversary Limited-Edition Posters — Series 1,https://medium.com/veve-collectibles/james-bond-007-60th-anniversary-limited-edition-posters-series-1-f749aaa224ae,5249,VeVe Digital Collectibles
2022-10-10,Marvel Digital Comics — New Mutants #1,https://medium.com/veve-collectibles/marvel-digital-comics-new-mutants-1-e6a7566c3233,1631,VeVe Digital Collectibles
2022-10-11,Star Wars™ Digital Comics — Krrsantan: Star Wars Tales #1,https://medium.com/veve-collectibles/star-wars-digital-comics-krrsantan-star-wars-tales-1-4a17df179cd,2359,VeVe Digital Collectibles
2022-10-12,Marvel — Spider-Man: Miles Morales,https://medium.com/veve-collectibles/marvel-spider-man-miles-morales-5689b45d06c4,3216,VeVe Digital Collectibles
2022-10-13,Marvel Digital Comics — Wolverine (2003) #66,https://medium.com/veve-collectibles/marvel-digital-comics-wolverine-2003-66-dbadbc670eaf,1604,VeVe Digital Collectibles
2022-10-14,USPS — Stamp Art — Mariachi,https://medium.com/veve-collectibles/usps-stamp-art-mariachi-d3eeb0da2bb9,3357,VeVe Digital Collectibles
2022-10-15,Creatures of Jim Henson’s Labyrinth,https://medium.com/veve-collectibles/creatures-of-jim-hensons-labyrinth-4b23048fba7c,4165,VeVe Digital Collectibles
2022-10-16,Marvel Artworks: Brian Stelfreeze — Miles Morales Spider-Man #1,https://medium.com/veve-collectibles/marvel-artworks-brian-stelfreeze-miles-morales-spider-man-1-82ae88be8420,3274,VeVe Digital Collectibles
2022-10-17,Marvel Digital Comics — Amazing Spider-Man #238,https://medium.com/veve-collectibles/marvel-digital-comics-amazing-spider-man-238-b2ec4f5512da,1610,VeVe Digital Collectibles
2022-10-19,Back to the Future Part II — DeLorean Time Machine,https://medium.com/veve-collectibles/back-to-the-future-part-ii-delorean-time-machine-c9b5365dafe6,3122,VeVe Digital Collectibles
2022-10-22,VeVe x DCon Collection 2022 — Camille Rose Garcia,https://medium.com/veve-collectibles/veve-x-dcon-collection-2022-camille-rose-garcia-291d1cb3c835,2817,VeVe Digital Collectibles
2022-10-23,VeVe x DCon Collection 2022 — Mike Egan,https://medium.com/veve-collectibles/veve-x-dcon-collection-2022-mike-egan-533e2ca8bf3d,2907,VeVe Digital Collectibles
2022-10-23,Marvel Artworks: Mark Brooks — Amazing Spider-Man #49,https://medium.com/veve-collectibles/marvel-artworks-mark-brooks-amazing-spider-man-49-a1bc74438434,3317,VeVe Digital Collectibles
2022-10-24,VeVe x DCon Collection 2022 — Ron The Killer,https://medium.com/veve-collectibles/veve-x-dcon-collection-2022-ron-the-killer-a2d679a8a2ac,2649,VeVe Digital Collectibles
2022-10-24,VeVe x DCon Collection 2022 — Sket One’s Greaper,https://medium.com/veve-collectibles/veve-x-dcon-collection-2022-sket-ones-greaper-597538cf17be,4916,VeVe Digital Collectibles
2022-10-24,Marvel Digital Comics — Marvel Zombies (2005)#1–5,https://medium.com/veve-collectibles/marvel-digital-comics-marvel-zombies-2005-1-5-1ccf29c2ee0c,4665,VeVe Digital Collectibles
2022-10-27,Child’s Play 2 — Chucky,https://medium.com/veve-collectibles/childs-play-2-chucky-61bac0d7722,3710,VeVe Digital Collectibles
2022-10-28,Disney Villains — Series 2,https://medium.com/veve-collectibles/disney-villains-series-2-830098a515bd,4313,VeVe Digital Collectibles
2022-10-29,Disney Hocus Pocus 2 Poster Series,https://medium.com/veve-collectibles/disney-hocus-pocus-2-poster-series-9a6dd62f94d8,5327,VeVe Digital Collectibles
2022-10-30,Marvel Digital Comics — Marvel Spotlight (1972) #2,https://medium.com/veve-collectibles/marvel-digital-comics-marvel-spotlight-1972-2-7b2e355b3df4,1521,VeVe Digital Collectibles
2022-10-31,Marvel Digital Comics — Uncanny X-Men #141,https://medium.com/veve-collectibles/marvel-digital-comics-uncanny-x-men-141-d845c8032029,1562,VeVe Digital Collectibles
2022-11-02,Marvel Digital Comics — Uncanny X-Men #142,https://medium.com/veve-collectibles/marvel-digital-comics-uncanny-x-men-142-ebc1a7219d52,1654,VeVe Digital Collectibles
2022-11-02,Star Wars™ Droids Collection — Series 1,https://medium.com/veve-collectibles/star-wars-droids-collection-series-1-7f3b8c23fbd0,4374,VeVe Digital Collectibles
2022-11-06,Marvel Artworks: Arthur Adams — Return of Wolverine #1,https://medium.com/veve-collectibles/marvel-artworks-arthur-adams-return-of-wolverine-1-cc1abb04c74c,2662,VeVe Digital Collectibles
2022-11-07,Marvel Digital Comics — Black Panther (2016) #1,https://medium.com/veve-collectibles/marvel-digital-comics-black-panther-2016-1-5c4dddc2c3eb,2314,VeVe Digital Collectibles
2022-11-09,Marvel Digital Comics — Black Panther (2005) #2,https://medium.com/veve-collectibles/marvel-digital-comics-black-panther-2005-2-5b9ca423e8d,1587,VeVe Digital Collectibles
2022-11-12,Marvel Studios’ Black Panther: Wakanda Forever Mightys,https://medium.com/veve-collectibles/marvel-studios-black-panther-wakanda-forever-mightys-57843938839d,4265,VeVe Digital Collectibles
2022-11-12,Star Wars™ Digital Comics — Star Wars Special: C-3PO #1,https://medium.com/veve-collectibles/star-wars-digital-comics-star-wars-special-c-3po-1-763c1de82842,1773,VeVe Digital Collectibles
2022-11-13,Marvel Artworks: Skottie Young — Deadpool #1,https://medium.com/veve-collectibles/marvel-artworks-skottie-young-deadpool-1-fdab9d549007,2756,VeVe Digital Collectibles
2022-11-14,Marvel Digital Comics — New Mutants (1983) #16,https://medium.com/veve-collectibles/marvel-digital-comics-new-mutants-1983-16-67ba2fb4212e,1684,VeVe Digital Collectibles
2022-11-15,VeVe x DCon Anaheim 2022 — Day 1,https://medium.com/veve-collectibles/veve-x-dcon-anaheim-2022-day-1-ae200ff354d5,6344,VeVe Digital Collectibles
2022-11-16,Marvel Digital Comics — Daredevil (1964) #102,https://medium.com/veve-collectibles/marvel-digital-comics-daredevil-1964-102-c82a8bc14255,1559,VeVe Digital Collectibles
2022-11-16,VeVe x DCon Phygital Exclusives: Jermaine Rogers + Frank Kozik,https://medium.com/veve-collectibles/veve-x-dcon-phygital-exclusives-jermaine-rogers-frank-kozik-ce5eb63b29e9,2769,VeVe Digital Collectibles
2022-11-16,VeVe x DCon Anaheim 2022 — Day 2,https://medium.com/veve-collectibles/veve-x-dcon-anaheim-2022-day-2-f5c7b11b45f7,8216,VeVe Digital Collectibles
2022-11-17,VeVe x DCon Anaheim 2022 — Day 3,https://medium.com/veve-collectibles/veve-x-dcon-anaheim-2022-day-3-97e89f9514d8,6867,VeVe Digital Collectibles
2022-11-21,Marvel Digital Comics — Journey Into Mystery Annual #1,https://medium.com/veve-collectibles/marvel-digital-comics-journey-into-mystery-annual-1-e04e98202113,1636,VeVe Digital Collectibles
2022-11-22,VeVe Artworks: The London Police — Robot King,https://medium.com/veve-collectibles/veve-artworks-the-london-police-robot-king-8e9f6843d46,2972,VeVe Digital Collectibles
2022-11-25,Star Wars™ Obi-Wan Kenobi —  Series 1,https://medium.com/veve-collectibles/star-wars-obi-wan-kenobi-series-1-e0101e6c5262,2801,VeVe Digital Collectibles
2022-11-27,"ERB, Inc. Digital Comics — Tarzan of the Apes #208",https://medium.com/veve-collectibles/erb-inc-digital-comics-tarzan-of-the-apes-208-36fcda9eadb2,1528,VeVe Digital Collectibles
2022-11-27,Marvel Artworks: Joe Quesada — Amazing Spider-Man #850,https://medium.com/veve-collectibles/marvel-artworks-joe-quesada-amazing-spider-man-850-6e5051bdcda6,3208,VeVe Digital Collectibles
2022-11-28,Marvel Digital Comics — Strange Tales #138,https://medium.com/veve-collectibles/marvel-digital-comics-strange-tales-138-c3614c16acfd,1657,VeVe Digital Collectibles
2022-11-29,Marvel — She-Hulk,https://medium.com/veve-collectibles/marvel-she-hulk-bfde661e3c93,2743,VeVe Digital Collectibles
2022-11-30,Marvel Digital Comics — Avengers Annual #10,https://medium.com/veve-collectibles/marvel-digital-comics-avengers-annual-10-e485bd9e52ec,1681,VeVe Digital Collectibles
2022-12-02,Battlestar Galactica — Series One,https://medium.com/veve-collectibles/battlestar-galactica-series-one-ccc3a90341d1,5401,VeVe Digital Collectibles
2022-12-03,DC Gallery — Bat-Signal,https://medium.com/veve-collectibles/dc-gallery-bat-signal-f282e396bf4,1721,VeVe Digital Collectibles
2022-12-04,Marvel Artworks: Adi Granov — She-Hulk #4,https://medium.com/veve-collectibles/marvel-artworks-adi-granov-she-hulk-4-e8ada298a740,3562,VeVe Digital Collectibles
2022-12-05,Marvel Digital Comics — Avengers (1963) #112,https://medium.com/veve-collectibles/marvel-digital-comics-avengers-1963-112-728a27b18da8,1604,VeVe Digital Collectibles
2022-12-05,Disney Digital Comics — Mickey Mouse and the Ice Sword,https://medium.com/veve-collectibles/disney-digital-comics-mickey-mouse-and-the-ice-sword-c0e1cdd68cc8,5398,VeVe Digital Collectibles
2022-12-08,Marvel Digital Comics — Nova (2007) #8,https://medium.com/veve-collectibles/marvel-digital-comics-nova-2007-8-90788c909144,1579,VeVe Digital Collectibles
2022-12-11,VeVe Artworks: Simone Legno of tokidoki — Dragon Girl,https://medium.com/veve-collectibles/veve-artworks-simone-legno-of-tokidoki-dragon-girl-a5f82ad1bf97,3916,VeVe Digital Collectibles
2022-12-12,DC — Batman: Blue & Yellow,https://medium.com/veve-collectibles/dc-batman-blue-yellow-4e8754344c6,5442,VeVe Digital Collectibles
2022-12-12,Marvel Digital Comics — Marvel Spotlight #4,https://medium.com/veve-collectibles/marvel-digital-comics-marvel-spotlight-4-2b5b8c833aa0,1536,VeVe Digital Collectibles
2022-12-13,Merge Accounts: What You Need To Know,https://medium.com/veve-collectibles/merge-accounts-what-you-need-to-know-b0cb8dc984d2,3355,VeVe Digital Collectibles
2022-12-13,Crypto Pay-In: What You Need To Know,https://medium.com/veve-collectibles/crypto-pay-in-what-you-need-to-know-dba32e77b5b0,3939,VeVe Digital Collectibles
2022-12-14,"ERB, Inc. Digital Comics — Tarzan of the Apes #209",https://medium.com/veve-collectibles/erb-inc-digital-comics-tarzan-of-the-apes-209-6070cc510630,1649,VeVe Digital Collectibles
2022-12-16,Star Wars™ Holiday Posters Series,https://medium.com/veve-collectibles/star-wars-holiday-posters-series-eadde2706fa2,4194,VeVe Digital Collectibles
2022-12-17,Marvel — Fantastic Four Holiday Card,https://medium.com/veve-collectibles/marvel-fantastic-four-holiday-card-9f18a15f980a,1894,VeVe Digital Collectibles
2022-12-17,James Bond 007–60th Anniversary Limited-Edition Posters — Series 2,https://medium.com/veve-collectibles/james-bond-007-60th-anniversary-limited-edition-posters-series-2-b59d48521753,4454,VeVe Digital Collectibles
2022-12-18,DC — Swamp Thing,https://medium.com/veve-collectibles/dc-swamp-thing-49b833a6586,1553,VeVe Digital Collectibles
2022-12-18,Marvel Artworks: Mark Brooks — Black Widow #10,https://medium.com/veve-collectibles/marvel-artworks-mark-brooks-black-widow-10-cf96688eb712,3349,VeVe Digital Collectibles
2022-12-19,Marvel Digital Comics — Amazing Spider-Man (2018) #93,https://medium.com/veve-collectibles/marvel-digital-comics-amazing-spider-man-2018-93-b36c5a6b8804,1682,VeVe Digital Collectibles
2022-12-19,DC — Deck The Halls of Justice,https://medium.com/veve-collectibles/dc-deck-the-halls-of-justice-3806cba5db2e,2762,VeVe Digital Collectibles
2022-12-20,Coca-Cola Holiday Caravan,https://medium.com/veve-collectibles/coca-cola-holiday-caravan-f684ec1ae416,1881,VeVe Digital Collectibles
2022-12-21,Marvel Digital Comics — Merry X-Men Holiday Special (2018) #1,https://medium.com/veve-collectibles/marvel-digital-comics-merry-x-men-holiday-special-2018-1-f75cb943defd,1922,VeVe Digital Collectibles
2022-12-21,Marvel — America Chavez,https://medium.com/veve-collectibles/marvel-america-chavez-dbf150668147,2875,VeVe Digital Collectibles
2022-12-22,USPS — Stamp Art — Holiday Elves,https://medium.com/veve-collectibles/usps-stamp-art-holiday-elves-6e986b4c3c50,5235,VeVe Digital Collectibles
2022-12-23,Disney Mickey Mouse NFT Collection — Mr. Mouse,https://medium.com/veve-collectibles/disney-mickey-mouse-nft-collection-mr-mouse-e12832eabbaa,5167,VeVe Digital Collectibles
2022-12-24,Marvel Digital Comics — Journey Into Mystery #83,https://medium.com/veve-collectibles/marvel-digital-comics-journey-into-mystery-83-425075103b7,1831,VeVe Digital Collectibles
2022-12-24,Marvel Artworks: Adam Kubert — Incredible Hulk #461,https://medium.com/veve-collectibles/marvel-artworks-adam-kubert-incredible-hulk-461-61f768091b31,3088,VeVe Digital Collectibles
2022-12-28,Marvel — Avengers Tower,https://medium.com/veve-collectibles/marvel-avengers-tower-7f0188b5bc35,2178,VeVe Digital Collectibles
2023-01-05,Star Wars™ Digital Comics — Star Wars Heroes: Princess Leia,https://medium.com/veve-collectibles/star-wars-digital-comics-star-wars-heroes-princess-leia-6dca108065b0,1892,VeVe Digital Collectibles
2023-01-06,MGM — Robocop — Series 1,https://medium.com/veve-collectibles/mgm-robocop-series-1-22302b94d571,2615,VeVe Digital Collectibles
2023-01-07,Marvel Artworks: R.B. Silva — Black Panther Vol. 7 #25 (Stormbreakers Variant),https://medium.com/veve-collectibles/marvel-artworks-r-b-silva-black-panther-vol-7-25-stormbreakers-variant-6fb8b622b12a,2809,VeVe Digital Collectibles
2023-01-11,Marvel Digital Comics — Incredible Hulk (1999) #92,https://medium.com/veve-collectibles/marvel-digital-comics-incredible-hulk-1999-92-5715bad3e934,1751,VeVe Digital Collectibles
2023-01-15,Marvel Artworks: Humberto Ramos — Spider-Men #1,https://medium.com/veve-collectibles/marvel-artworks-humberto-ramos-spider-men-1-e5eab1452b3a,3523,VeVe Digital Collectibles
2023-01-16,Marvel Digital Comics — Amazing Spider-Man (1963) #31,https://medium.com/veve-collectibles/marvel-digital-comics-amazing-spider-man-1963-31-5d91f81e9154,1787,VeVe Digital Collectibles
2023-01-17,Disney — Alice in Wonderland Golden Afternoon Character Series,https://medium.com/veve-collectibles/disney-alice-in-wonderland-golden-afternoon-character-series-320c97cb474e,4258,VeVe Digital Collectibles
2023-01-18,Marvel Digital Comics — X-Men Alpha #1,https://medium.com/veve-collectibles/marvel-digital-comics-x-men-alpha-1-ddc6b3de5e68,1647,VeVe Digital Collectibles
2023-01-18,Marvel Studios’ Guardians of the Galaxy — Power Orb,https://medium.com/veve-collectibles/marvel-studios-guardians-of-the-galaxy-power-orb-95f4742fe40e,2355,VeVe Digital Collectibles
2023-01-19,VeVe 2023 Feature Rollout Process + Release Notes,https://medium.com/veve-collectibles/veve-2023-feature-rollout-process-release-notes-859ef29c4e9b,4348,VeVe Digital Collectibles
2023-01-20,USPS — Stamp Art — Lunar New Year: Rabbit,https://medium.com/veve-collectibles/usps-stamp-art-lunar-new-year-rabbit-4c1d93a30877,3945,VeVe Digital Collectibles
2023-01-20,Disney Simply Minnie Poster Series,https://medium.com/veve-collectibles/disney-simply-minnie-poster-series-2c7e39bfa3fc,4367,VeVe Digital Collectibles
2023-01-22,Marvel Digital Comics — Amazing Spider-Man (1963) #4,https://medium.com/veve-collectibles/marvel-digital-comics-amazing-spider-man-1963-4-8d9ff0a5e66c,1602,VeVe Digital Collectibles
2023-01-24,Marvel Digital Comics — Amazing Spider-Man (1963) #2,https://medium.com/veve-collectibles/marvel-digital-comics-amazing-spider-man-1963-2-413de43d1327,1577,VeVe Digital Collectibles
2023-01-24,Disney Oswald the Lucky Rabbit — Jump for Joy Character Series,https://medium.com/veve-collectibles/disney-oswald-the-lucky-rabbit-jump-for-joy-character-series-c8c1018bb307,4312,VeVe Digital Collectibles
2023-01-28,Marvel Studios’ Thor: The Dark World — Aether,https://medium.com/veve-collectibles/marvel-studios-thor-the-dark-world-aether-5536cc49ac9d,2496,VeVe Digital Collectibles
2023-01-28,Marvel Artworks: Natacha Bustos Magalhaes — Fantastic Four #38,https://medium.com/veve-collectibles/marvel-artworks-natacha-bustos-magalhaes-fantastic-four-38-843f7f0b09d8,3218,VeVe Digital Collectibles
2023-01-29,Marvel Digital Comics — Amazing Spider-Man Annual (1964) #11,https://medium.com/veve-collectibles/marvel-digital-comics-amazing-spider-man-annual-1964-11-1801a9e626c0,1787,VeVe Digital Collectibles
2023-02-02,Marvel Digital Comics — Fantastic Four (1961) #52,https://medium.com/veve-collectibles/marvel-digital-comics-fantastic-four-1961-52-d519f9f339eb,2177,VeVe Digital Collectibles
2023-02-02,Disney Digital Comics — Walt Disney’s Uncle Scrooge: Back to the Klondike (1953),https://medium.com/veve-collectibles/disney-digital-comics-walt-disneys-uncle-scrooge-back-to-the-klondike-1953-6e591ae0d87d,5587,VeVe Digital Collectibles
2023-02-04,Marvel Artworks: Ryan Stegman — Venom #1,https://medium.com/veve-collectibles/marvel-artworks-ryan-stegman-venom-1-a8aa728fcb59,2587,VeVe Digital Collectibles
2023-02-08,Marvel Digital Comics — Devil Dinosaur (1978) #1,https://medium.com/veve-collectibles/marvel-digital-comics-devil-dinosaur-1978-1-ecb78082798f,2102,VeVe Digital Collectibles
2023-02-09,Disney PIXAR — Cars Concept Art Series 1,https://medium.com/veve-collectibles/disney-pixar-cars-concept-art-series-1-15e6a72571e,3602,VeVe Digital Collectibles
2023-02-12,DreamWorks Voltron: Legendary Defender S2,https://medium.com/veve-collectibles/dreamworks-voltron-legendary-defender-s2-b5bc1fa27526,6627,VeVe Digital Collectibles
2023-02-12,Marvel Digital Comics — X-Men (1991) #30,https://medium.com/veve-collectibles/marvel-digital-comics-x-men-1991-30-5c4ca964775d,2123,VeVe Digital Collectibles
2023-02-14,Marvel Digital Comics — Black Panther (2009) #5,https://medium.com/veve-collectibles/marvel-digital-comics-black-panther-2009-5-24c1d31212e6,2180,VeVe Digital Collectibles
2023-02-15,Chucky: Bloody Valentine,https://medium.com/veve-collectibles/chucky-bloody-valentine-d7021d76901e,2779,VeVe Digital Collectibles
2023-02-15,Disney Princess Pop-Up Card Series,https://medium.com/veve-collectibles/disney-princess-pop-up-card-series-14c8fec06ed5,5198,VeVe Digital Collectibles
2023-02-17,Automobili Lamborghini — Huracán STO,https://medium.com/veve-collectibles/automobili-lamborghini-hurac%C3%A1n-sto-1639742ac122,3673,VeVe Digital Collectibles
2023-02-17,Marvel Digital Comics — Marvel Premiere #47,https://medium.com/veve-collectibles/marvel-digital-comics-marvel-premiere-47-2941cae1e073,2172,VeVe Digital Collectibles
2023-02-18,Marvel Artworks: Russell Dauterman — X-Men #1,https://medium.com/veve-collectibles/marvel-artworks-russell-dauterman-x-men-1-912e43283cff,3036,VeVe Digital Collectibles
2023-02-19,Marvel Studios’ Ant-Man and The Wasp: Quantumania Mightys,https://medium.com/veve-collectibles/marvel-studios-ant-man-and-the-wasp-quantumania-mightys-db00bb21b4b4,5605,VeVe Digital Collectibles
2023-02-21,Marvel Digital Comics — Tales of Suspense #94,https://medium.com/veve-collectibles/marvel-digital-comics-tales-of-suspense-94-ac9e13698fb0,2179,VeVe Digital Collectibles
2023-02-24,Disney Encanto Character Series,https://medium.com/veve-collectibles/disney-encanto-character-series-2d0bc1b8329e,4823,VeVe Digital Collectibles
2023-02-24,Star Wars™ A New Hope Poster Series,https://medium.com/veve-collectibles/star-wars-a-new-hope-poster-series-9990bf60f041,4872,VeVe Digital Collectibles
2023-02-24,Frank Kozik — Labbiter XK-5 Mechas,https://medium.com/veve-collectibles/frank-kozik-labbiter-xk-5-mechas-ca5ba372bad6,4382,VeVe Digital Collectibles
2023-02-25,Marvel Artworks: Marco Checchetto — Spider-Man #3,https://medium.com/veve-collectibles/marvel-artworks-marco-checchetto-spider-man-3-51639ca8c1f6,2576,VeVe Digital Collectibles
2023-02-26,Marvel Studios’ Ant-Man and The Wasp: Quantumania — Kang,https://medium.com/veve-collectibles/marvel-studios-ant-man-and-the-wasp-quantumania-kang-96e36c374dd9,3014,VeVe Digital Collectibles
2023-02-26,Marvel Digital Comics — Giant Size X-Men #1,https://medium.com/veve-collectibles/marvel-digital-comics-giant-size-x-men-1-828aa95d1700,2230,VeVe Digital Collectibles
2023-03-01,Star Wars™ Digital Comics — Star Wars Villains: Darth Maul #1,https://medium.com/veve-collectibles/star-wars-digital-comics-star-wars-villains-darth-maul-1-e769140113a,2041,VeVe Digital Collectibles
2023-03-02,DreamWorks Trollhunters,https://medium.com/veve-collectibles/dreamworks-trollhunters-5f12d8683da9,8247,VeVe Digital Collectibles
2023-03-05,Marvel Digital Comics — Tales of Suspense #45,https://medium.com/veve-collectibles/marvel-digital-comics-tales-of-suspense-45-478badeb2530,1870,VeVe Digital Collectibles
2023-03-07,Marvel Digital Comics — Uncanny X-Men #101,https://medium.com/veve-collectibles/marvel-digital-comics-uncanny-x-men-101-e732bae5ca68,1861,VeVe Digital Collectibles
2023-03-08,Disney Pixar — Finding Nemo Concept Art Series 1,https://medium.com/veve-collectibles/disney-pixar-finding-nemo-concept-art-series-1-c791f13fe16e,4903,VeVe Digital Collectibles
2023-03-09,Rambo Takes Aim — Animated,https://medium.com/veve-collectibles/rambo-takes-aim-animated-5acc5080ed86,3110,VeVe Digital Collectibles
2023-03-10,Marvel — Howard the Duck,https://medium.com/veve-collectibles/marvel-howard-the-duck-1f2b616f14cd,3029,VeVe Digital Collectibles
2023-03-11,Marvel Artworks: Adi Granov — Invincible Iron Man #1,https://medium.com/veve-collectibles/marvel-artworks-adi-granov-invincible-iron-man-1-88a72ae6ecfe,4006,VeVe Digital Collectibles
2023-03-12,Marvel Digital Comics — Amazing Spider-Man (1963) #6,https://medium.com/veve-collectibles/marvel-digital-comics-amazing-spider-man-1963-6-e8e120660631,1909,VeVe Digital Collectibles
2023-03-14,Marvel Digital Comics — Uncanny X-Men #28,https://medium.com/veve-collectibles/marvel-digital-comics-uncanny-x-men-28-5f6ec2509fc2,1785,VeVe Digital Collectibles
2023-03-15,USPS — Stamp Art — Women Support The War Effort,https://medium.com/veve-collectibles/usps-stamp-art-women-support-the-war-effort-10d87de2436e,3011,VeVe Digital Collectibles
2023-03-16,Sesame Street — Cookie Monster,https://medium.com/veve-collectibles/sesame-street-cookie-monster-7babcf3bd042,3610,VeVe Digital Collectibles
2023-03-16,Disney Moana Follow Your Heart Character Series,https://medium.com/veve-collectibles/disney-moana-follow-your-heart-character-series-61c95cdc0fa7,4119,VeVe Digital Collectibles
2023-03-18,Marvel Artworks: Mark Brooks — Cosmic Ghost Rider #1,https://medium.com/veve-collectibles/marvel-artworks-mark-brooks-cosmic-ghost-rider-1-c64e6e24459f,3311,VeVe Digital Collectibles
2023-03-20,Marvel Digital Comics — Hulk (2008) #1,https://medium.com/veve-collectibles/marvel-digital-comics-hulk-2008-1-24059373ed4e,2035,VeVe Digital Collectibles
2023-03-20,Disney100 Platinum Moments — Walt Disney Animation Series 1,https://medium.com/veve-collectibles/disney100-platinum-moments-walt-disney-animation-series-1-ccd717d7b49d,5495,VeVe Digital Collectibles
2023-03-21,Marvel Digital Comics — Adventure Into Fear #19,https://medium.com/veve-collectibles/marvel-digital-comics-adventure-into-fear-19-44b9920e09b3,2018,VeVe Digital Collectibles
2023-03-22,Gary Baseman — Memento Moa,https://medium.com/veve-collectibles/gary-baseman-memento-moa-71b057f0b2da,4954,VeVe Digital Collectibles
2023-03-23,Rabbids — Series 1,https://medium.com/veve-collectibles/rabbids-series-1-71b20eb28565,4720,VeVe Digital Collectibles
2023-03-26,Marvel Digital Comics — Dark Avengers #1,https://medium.com/veve-collectibles/marvel-digital-comics-dark-avengers-1-ab167398a8d9,2176,VeVe Digital Collectibles
2023-03-28,James Bond 007–60th Anniversary Limited-Edition Posters — Series 3,https://medium.com/veve-collectibles/james-bond-007-60th-anniversary-limited-edition-posters-series-3-417557df2332,3245,VeVe Digital Collectibles
2023-03-29,Marvel — Hulk (Animated),https://medium.com/veve-collectibles/marvel-hulk-animated-40ef927cf298,3206,VeVe Digital Collectibles
2023-03-31,Marvel — Invisible Invisible Woman,https://medium.com/veve-collectibles/marvel-invisible-invisible-woman-4ab1782fc7d9,2121,VeVe Digital Collectibles
2023-04-01,Marvel Artworks: Marvel Made Paragon Collection: Chris Claremont Lithograph #1,https://medium.com/veve-collectibles/marvel-artworks-marvel-made-paragon-collection-chris-claremont-lithograph-1-5518d3d79281,3343,VeVe Digital Collectibles
2023-04-02,Marvel Digital Comics — Tales of Suspense #39,https://medium.com/veve-collectibles/marvel-digital-comics-tales-of-suspense-39-a3dcaf91932c,2157,VeVe Digital Collectibles
2023-04-02,Pili Fantasy: The Five Dragon Generals of Upper Sky,https://medium.com/veve-collectibles/pili-fantasy-the-five-dragon-generals-of-upper-sky-c5ea87e7bd21,6318,VeVe Digital Collectibles
2023-04-03,Disney Digital Comics — Walt Disney’s Uncle Scrooge Adventures: W.H.A.D.A.L.O.T.T.A.J.A.R.G.O.N. #1,https://medium.com/veve-collectibles/disney-digital-comics-walt-disneys-uncle-scrooge-adventures-w-h-a-d-a-l-o-t-t-a-j-a-r-g-o-n-1-da304bab1bfb,5330,VeVe Digital Collectibles
2023-04-05,Marvel Digital Comics — Vision and the Scarlet Witch (1985) #12,https://medium.com/veve-collectibles/marvel-digital-comics-vision-and-the-scarlet-witch-1985-12-f447ef1d10af,2327,VeVe Digital Collectibles
2023-04-05,"ERB, Inc. — Tarzan Yell® Animated Statue",https://medium.com/veve-collectibles/erb-inc-tarzan-yell-animated-statue-6618435d00dd,3222,VeVe Digital Collectibles
